{
  "comment": "Classic map of Pac-Man (1980)", 
  "batteryCapacity": 150, 
  "numDays": 3, 
  "intersections": [
    {"id": 0, "lat": 0.0, "lng": 1.0}, 
    {"id": 1, "lat": 0.0, "lng": 2.0}, 
    {"id": 2, "lat": 0.0, "lng": 3.0}, 
    {"id": 3, "lat": 0.0, "lng": 4.0}, 
    {"id": 4, "lat": 0.0, "lng": 5.0}, 
    {"id": 5, "lat": 0.0, "lng": 6.0}, 
    {"id": 6, "lat": 0.0, "lng": 7.0}, 
    {"id": 7, "lat": 0.0, "lng": 8.0}, 
    {"id": 8, "lat": 0.0, "lng": 9.0}, 
    {"id": 9, "lat": 0.0, "lng": 10.0}, 
    {"id": 10, "lat": 0.0, "lng": 11.0}, 
    {"id": 11, "lat": 0.0, "lng": 12.0}, 
    {"id": 12, "lat": 0.0, "lng": 13.0}, 
    {"id": 13, "lat": 0.0, "lng": 14.0}, 
    {"id": 14, "lat": 0.0, "lng": 15.0}, 
    {"id": 15, "lat": 0.0, "lng": 16.0}, 
    {"id": 16, "lat": 0.0, "lng": 17.0}, 
    {"id": 17, "lat": 0.0, "lng": 18.0}, 
    {"id": 18, "lat": 0.0, "lng": 19.0}, 
    {"id": 19, "lat": 0.0, "lng": 20.0}, 
    {"id": 20, "lat": 0.0, "lng": 21.0}, 
    {"id": 21, "lat": 0.0, "lng": 22.0}, 
    {"id": 22, "lat": 0.0, "lng": 23.0}, 
    {"id": 23, "lat": 0.0, "lng": 24.0}, 
    {"id": 24, "lat": 0.0, "lng": 25.0}, 
    {"id": 25, "lat": 0.0, "lng": 26.0}, 
    {"id": 26, "lat": 1.0, "lng": 1.0}, 
    {"id": 27, "lat": 1.0, "lng": 12.0}, 
    {"id": 28, "lat": 1.0, "lng": 15.0}, 
    {"id": 29, "lat": 1.0, "lng": 26.0}, 
    {"id": 30, "lat": 2.0, "lng": 1.0}, 
    {"id": 31, "lat": 2.0, "lng": 12.0}, 
    {"id": 32, "lat": 2.0, "lng": 15.0}, 
    {"id": 33, "lat": 2.0, "lng": 26.0}, 
    {"id": 34, "lat": 3.0, "lng": 1.0}, 
    {"id": 35, "lat": 3.0, "lng": 2.0}, 
    {"id": 36, "lat": 3.0, "lng": 3.0}, 
    {"id": 37, "lat": 3.0, "lng": 4.0}, 
    {"id": 38, "lat": 3.0, "lng": 5.0}, 
    {"id": 39, "lat": 3.0, "lng": 6.0}, 
    {"id": 40, "lat": 3.0, "lng": 9.0}, 
    {"id": 41, "lat": 3.0, "lng": 10.0}, 
    {"id": 42, "lat": 3.0, "lng": 11.0}, 
    {"id": 43, "lat": 3.0, "lng": 12.0}, 
    {"id": 44, "lat": 3.0, "lng": 15.0}, 
    {"id": 45, "lat": 3.0, "lng": 16.0}, 
    {"id": 46, "lat": 3.0, "lng": 17.0}, 
    {"id": 47, "lat": 3.0, "lng": 18.0}, 
    {"id": 48, "lat": 3.0, "lng": 21.0}, 
    {"id": 49, "lat": 3.0, "lng": 22.0}, 
    {"id": 50, "lat": 3.0, "lng": 23.0}, 
    {"id": 51, "lat": 3.0, "lng": 24.0}, 
    {"id": 52, "lat": 3.0, "lng": 25.0}, 
    {"id": 53, "lat": 3.0, "lng": 26.0}, 
    {"id": 54, "lat": 4.0, "lng": 3.0}, 
    {"id": 55, "lat": 4.0, "lng": 6.0}, 
    {"id": 56, "lat": 4.0, "lng": 9.0}, 
    {"id": 57, "lat": 4.0, "lng": 18.0}, 
    {"id": 58, "lat": 4.0, "lng": 21.0}, 
    {"id": 59, "lat": 4.0, "lng": 24.0}, 
    {"id": 60, "lat": 5.0, "lng": 3.0}, 
    {"id": 61, "lat": 5.0, "lng": 6.0}, 
    {"id": 62, "lat": 5.0, "lng": 9.0}, 
    {"id": 63, "lat": 5.0, "lng": 18.0}, 
    {"id": 64, "lat": 5.0, "lng": 21.0}, 
    {"id": 65, "lat": 5.0, "lng": 24.0}, 
    {"id": 66, "lat": 6.0, "lng": 1.0}, 
    {"id": 67, "lat": 6.0, "lng": 2.0}, 
    {"id": 68, "lat": 6.0, "lng": 3.0}, 
    {"id": 69, "lat": 6.0, "lng": 6.0}, 
    {"id": 70, "lat": 6.0, "lng": 7.0}, 
    {"id": 71, "lat": 6.0, "lng": 8.0}, 
    {"id": 72, "lat": 6.0, "lng": 9.0}, 
    {"id": 73, "lat": 6.0, "lng": 10.0}, 
    {"id": 74, "lat": 6.0, "lng": 11.0}, 
    {"id": 75, "lat": 6.0, "lng": 12.0}, 
    {"id": 76, "lat": 6.0, "lng": 13.0}, 
    {"id": 77, "lat": 6.0, "lng": 14.0}, 
    {"id": 78, "lat": 6.0, "lng": 15.0}, 
    {"id": 79, "lat": 6.0, "lng": 16.0}, 
    {"id": 80, "lat": 6.0, "lng": 17.0}, 
    {"id": 81, "lat": 6.0, "lng": 18.0}, 
    {"id": 82, "lat": 6.0, "lng": 19.0}, 
    {"id": 83, "lat": 6.0, "lng": 20.0}, 
    {"id": 84, "lat": 6.0, "lng": 21.0}, 
    {"id": 85, "lat": 6.0, "lng": 24.0}, 
    {"id": 86, "lat": 6.0, "lng": 25.0}, 
    {"id": 87, "lat": 6.0, "lng": 26.0}, 
    {"id": 88, "lat": 7.0, "lng": 1.0}, 
    {"id": 89, "lat": 7.0, "lng": 6.0}, 
    {"id": 90, "lat": 7.0, "lng": 12.0}, 
    {"id": 91, "lat": 7.0, "lng": 15.0}, 
    {"id": 92, "lat": 7.0, "lng": 21.0}, 
    {"id": 93, "lat": 7.0, "lng": 26.0}, 
    {"id": 94, "lat": 8.0, "lng": 1.0}, 
    {"id": 95, "lat": 8.0, "lng": 6.0}, 
    {"id": 96, "lat": 8.0, "lng": 12.0}, 
    {"id": 97, "lat": 8.0, "lng": 15.0}, 
    {"id": 98, "lat": 8.0, "lng": 21.0}, 
    {"id": 99, "lat": 8.0, "lng": 26.0}, 
    {"id": 100, "lat": 9.0, "lng": 1.0}, 
    {"id": 101, "lat": 9.0, "lng": 2.0}, 
    {"id": 102, "lat": 9.0, "lng": 3.0}, 
    {"id": 103, "lat": 9.0, "lng": 4.0}, 
    {"id": 104, "lat": 9.0, "lng": 5.0}, 
    {"id": 105, "lat": 9.0, "lng": 6.0}, 
    {"id": 106, "lat": 9.0, "lng": 7.0}, 
    {"id": 107, "lat": 9.0, "lng": 8.0}, 
    {"id": 108, "lat": 9.0, "lng": 9.0}, 
    {"id": 109, "lat": 9.0, "lng": 10.0}, 
    {"id": 110, "lat": 9.0, "lng": 11.0}, 
    {"id": 111, "lat": 9.0, "lng": 12.0}, 
    {"id": 112, "lat": 9.0, "lng": 15.0}, 
    {"id": 113, "lat": 9.0, "lng": 16.0}, 
    {"id": 114, "lat": 9.0, "lng": 17.0}, 
    {"id": 115, "lat": 9.0, "lng": 18.0}, 
    {"id": 116, "lat": 9.0, "lng": 19.0}, 
    {"id": 117, "lat": 9.0, "lng": 20.0}, 
    {"id": 118, "lat": 9.0, "lng": 21.0}, 
    {"id": 119, "lat": 9.0, "lng": 22.0}, 
    {"id": 120, "lat": 9.0, "lng": 23.0}, 
    {"id": 121, "lat": 9.0, "lng": 24.0}, 
    {"id": 122, "lat": 9.0, "lng": 25.0}, 
    {"id": 123, "lat": 9.0, "lng": 26.0}, 
    {"id": 124, "lat": 10.0, "lng": 6.0}, 
    {"id": 125, "lat": 10.0, "lng": 9.0}, 
    {"id": 126, "lat": 10.0, "lng": 18.0}, 
    {"id": 127, "lat": 10.0, "lng": 21.0}, 
    {"id": 128, "lat": 11.0, "lng": 6.0}, 
    {"id": 129, "lat": 11.0, "lng": 9.0}, 
    {"id": 130, "lat": 11.0, "lng": 18.0}, 
    {"id": 131, "lat": 11.0, "lng": 21.0}, 
    {"id": 132, "lat": 12.0, "lng": 6.0}, 
    {"id": 133, "lat": 12.0, "lng": 9.0}, 
    {"id": 134, "lat": 12.0, "lng": 10.0}, 
    {"id": 135, "lat": 12.0, "lng": 11.0}, 
    {"id": 136, "lat": 12.0, "lng": 12.0}, 
    {"id": 137, "lat": 12.0, "lng": 13.0}, 
    {"id": 138, "lat": 12.0, "lng": 14.0}, 
    {"id": 139, "lat": 12.0, "lng": 15.0}, 
    {"id": 140, "lat": 12.0, "lng": 16.0}, 
    {"id": 141, "lat": 12.0, "lng": 17.0}, 
    {"id": 142, "lat": 12.0, "lng": 18.0}, 
    {"id": 143, "lat": 12.0, "lng": 21.0}, 
    {"id": 144, "lat": 13.0, "lng": 6.0}, 
    {"id": 145, "lat": 13.0, "lng": 9.0}, 
    {"id": 146, "lat": 13.0, "lng": 18.0}, 
    {"id": 147, "lat": 13.0, "lng": 21.0}, 
    {"id": 148, "lat": 14.0, "lng": 6.0}, 
    {"id": 149, "lat": 14.0, "lng": 9.0}, 
    {"id": 150, "lat": 14.0, "lng": 18.0}, 
    {"id": 151, "lat": 14.0, "lng": 21.0}, 
    {"id": 152, "lat": 15.0, "lng": 0.0}, 
    {"id": 153, "lat": 15.0, "lng": 1.0}, 
    {"id": 154, "lat": 15.0, "lng": 2.0}, 
    {"id": 155, "lat": 15.0, "lng": 3.0}, 
    {"id": 156, "lat": 15.0, "lng": 4.0}, 
    {"id": 157, "lat": 15.0, "lng": 5.0}, 
    {"id": 158, "lat": 15.0, "lng": 6.0}, 
    {"id": 159, "lat": 15.0, "lng": 7.0}, 
    {"id": 160, "lat": 15.0, "lng": 8.0}, 
    {"id": 161, "lat": 15.0, "lng": 9.0}, 
    {"id": 162, "lat": 15.0, "lng": 12.0}, 
    {"id": 163, "lat": 15.0, "lng": 13.0}, 
    {"id": 164, "lat": 15.0, "lng": 14.0}, 
    {"id": 165, "lat": 15.0, "lng": 15.0}, 
    {"id": 166, "lat": 15.0, "lng": 18.0}, 
    {"id": 167, "lat": 15.0, "lng": 19.0}, 
    {"id": 168, "lat": 15.0, "lng": 20.0}, 
    {"id": 169, "lat": 15.0, "lng": 21.0}, 
    {"id": 170, "lat": 15.0, "lng": 22.0}, 
    {"id": 171, "lat": 15.0, "lng": 23.0}, 
    {"id": 172, "lat": 15.0, "lng": 24.0}, 
    {"id": 173, "lat": 15.0, "lng": 25.0}, 
    {"id": 174, "lat": 15.0, "lng": 26.0}, 
    {"id": 175, "lat": 15.0, "lng": 27.0}, 
    {"id": 176, "lat": 16.0, "lng": 6.0}, 
    {"id": 177, "lat": 16.0, "lng": 9.0}, 
    {"id": 178, "lat": 16.0, "lng": 12.0}, 
    {"id": 179, "lat": 16.0, "lng": 15.0}, 
    {"id": 180, "lat": 16.0, "lng": 18.0}, 
    {"id": 181, "lat": 16.0, "lng": 21.0}, 
    {"id": 182, "lat": 17.0, "lng": 6.0}, 
    {"id": 183, "lat": 17.0, "lng": 9.0}, 
    {"id": 184, "lat": 17.0, "lng": 12.0}, 
    {"id": 185, "lat": 17.0, "lng": 15.0}, 
    {"id": 186, "lat": 17.0, "lng": 18.0}, 
    {"id": 187, "lat": 17.0, "lng": 21.0}, 
    {"id": 188, "lat": 18.0, "lng": 6.0}, 
    {"id": 189, "lat": 18.0, "lng": 9.0}, 
    {"id": 190, "lat": 18.0, "lng": 10.0}, 
    {"id": 191, "lat": 18.0, "lng": 11.0}, 
    {"id": 192, "lat": 18.0, "lng": 12.0}, 
    {"id": 193, "lat": 18.0, "lng": 13.0}, 
    {"id": 194, "lat": 18.0, "lng": 14.0}, 
    {"id": 195, "lat": 18.0, "lng": 15.0}, 
    {"id": 196, "lat": 18.0, "lng": 16.0}, 
    {"id": 197, "lat": 18.0, "lng": 17.0}, 
    {"id": 198, "lat": 18.0, "lng": 18.0}, 
    {"id": 199, "lat": 18.0, "lng": 21.0}, 
    {"id": 200, "lat": 19.0, "lng": 6.0}, 
    {"id": 201, "lat": 19.0, "lng": 12.0}, 
    {"id": 202, "lat": 19.0, "lng": 15.0}, 
    {"id": 203, "lat": 19.0, "lng": 21.0}, 
    {"id": 204, "lat": 20.0, "lng": 6.0}, 
    {"id": 205, "lat": 20.0, "lng": 12.0}, 
    {"id": 206, "lat": 20.0, "lng": 15.0}, 
    {"id": 207, "lat": 20.0, "lng": 21.0}, 
    {"id": 208, "lat": 21.0, "lng": 1.0}, 
    {"id": 209, "lat": 21.0, "lng": 2.0}, 
    {"id": 210, "lat": 21.0, "lng": 3.0}, 
    {"id": 211, "lat": 21.0, "lng": 4.0}, 
    {"id": 212, "lat": 21.0, "lng": 5.0}, 
    {"id": 213, "lat": 21.0, "lng": 6.0}, 
    {"id": 214, "lat": 21.0, "lng": 9.0}, 
    {"id": 215, "lat": 21.0, "lng": 10.0}, 
    {"id": 216, "lat": 21.0, "lng": 11.0}, 
    {"id": 217, "lat": 21.0, "lng": 12.0}, 
    {"id": 218, "lat": 21.0, "lng": 15.0}, 
    {"id": 219, "lat": 21.0, "lng": 16.0}, 
    {"id": 220, "lat": 21.0, "lng": 17.0}, 
    {"id": 221, "lat": 21.0, "lng": 18.0}, 
    {"id": 222, "lat": 21.0, "lng": 21.0}, 
    {"id": 223, "lat": 21.0, "lng": 22.0}, 
    {"id": 224, "lat": 21.0, "lng": 23.0}, 
    {"id": 225, "lat": 21.0, "lng": 24.0}, 
    {"id": 226, "lat": 21.0, "lng": 25.0}, 
    {"id": 227, "lat": 21.0, "lng": 26.0}, 
    {"id": 228, "lat": 22.0, "lng": 1.0}, 
    {"id": 229, "lat": 22.0, "lng": 6.0}, 
    {"id": 230, "lat": 22.0, "lng": 9.0}, 
    {"id": 231, "lat": 22.0, "lng": 18.0}, 
    {"id": 232, "lat": 22.0, "lng": 21.0}, 
    {"id": 233, "lat": 22.0, "lng": 26.0}, 
    {"id": 234, "lat": 23.0, "lng": 1.0}, 
    {"id": 235, "lat": 23.0, "lng": 6.0}, 
    {"id": 236, "lat": 23.0, "lng": 9.0}, 
    {"id": 237, "lat": 23.0, "lng": 18.0}, 
    {"id": 238, "lat": 23.0, "lng": 21.0}, 
    {"id": 239, "lat": 23.0, "lng": 26.0}, 
    {"id": 240, "lat": 24.0, "lng": 1.0}, 
    {"id": 241, "lat": 24.0, "lng": 2.0}, 
    {"id": 242, "lat": 24.0, "lng": 3.0}, 
    {"id": 243, "lat": 24.0, "lng": 4.0}, 
    {"id": 244, "lat": 24.0, "lng": 5.0}, 
    {"id": 245, "lat": 24.0, "lng": 6.0}, 
    {"id": 246, "lat": 24.0, "lng": 7.0}, 
    {"id": 247, "lat": 24.0, "lng": 8.0}, 
    {"id": 248, "lat": 24.0, "lng": 9.0}, 
    {"id": 249, "lat": 24.0, "lng": 10.0}, 
    {"id": 250, "lat": 24.0, "lng": 11.0}, 
    {"id": 251, "lat": 24.0, "lng": 12.0}, 
    {"id": 252, "lat": 24.0, "lng": 13.0}, 
    {"id": 253, "lat": 24.0, "lng": 14.0}, 
    {"id": 254, "lat": 24.0, "lng": 15.0}, 
    {"id": 255, "lat": 24.0, "lng": 16.0}, 
    {"id": 256, "lat": 24.0, "lng": 17.0}, 
    {"id": 257, "lat": 24.0, "lng": 18.0}, 
    {"id": 258, "lat": 24.0, "lng": 19.0}, 
    {"id": 259, "lat": 24.0, "lng": 20.0}, 
    {"id": 260, "lat": 24.0, "lng": 21.0}, 
    {"id": 261, "lat": 24.0, "lng": 22.0}, 
    {"id": 262, "lat": 24.0, "lng": 23.0}, 
    {"id": 263, "lat": 24.0, "lng": 24.0}, 
    {"id": 264, "lat": 24.0, "lng": 25.0}, 
    {"id": 265, "lat": 24.0, "lng": 26.0}, 
    {"id": 266, "lat": 25.0, "lng": 1.0}, 
    {"id": 267, "lat": 25.0, "lng": 6.0}, 
    {"id": 268, "lat": 25.0, "lng": 12.0}, 
    {"id": 269, "lat": 25.0, "lng": 15.0}, 
    {"id": 270, "lat": 25.0, "lng": 21.0}, 
    {"id": 271, "lat": 25.0, "lng": 26.0}, 
    {"id": 272, "lat": 26.0, "lng": 1.0}, 
    {"id": 273, "lat": 26.0, "lng": 6.0}, 
    {"id": 274, "lat": 26.0, "lng": 12.0}, 
    {"id": 275, "lat": 26.0, "lng": 15.0}, 
    {"id": 276, "lat": 26.0, "lng": 21.0}, 
    {"id": 277, "lat": 26.0, "lng": 26.0}, 
    {"id": 278, "lat": 27.0, "lng": 1.0}, 
    {"id": 279, "lat": 27.0, "lng": 6.0}, 
    {"id": 280, "lat": 27.0, "lng": 12.0}, 
    {"id": 281, "lat": 27.0, "lng": 15.0}, 
    {"id": 282, "lat": 27.0, "lng": 21.0}, 
    {"id": 283, "lat": 27.0, "lng": 26.0}, 
    {"id": 284, "lat": 28.0, "lng": 1.0}, 
    {"id": 285, "lat": 28.0, "lng": 2.0}, 
    {"id": 286, "lat": 28.0, "lng": 3.0}, 
    {"id": 287, "lat": 28.0, "lng": 4.0}, 
    {"id": 288, "lat": 28.0, "lng": 5.0}, 
    {"id": 289, "lat": 28.0, "lng": 6.0}, 
    {"id": 290, "lat": 28.0, "lng": 7.0}, 
    {"id": 291, "lat": 28.0, "lng": 8.0}, 
    {"id": 292, "lat": 28.0, "lng": 9.0}, 
    {"id": 293, "lat": 28.0, "lng": 10.0}, 
    {"id": 294, "lat": 28.0, "lng": 11.0}, 
    {"id": 295, "lat": 28.0, "lng": 12.0}, 
    {"id": 296, "lat": 28.0, "lng": 15.0}, 
    {"id": 297, "lat": 28.0, "lng": 16.0}, 
    {"id": 298, "lat": 28.0, "lng": 17.0}, 
    {"id": 299, "lat": 28.0, "lng": 18.0}, 
    {"id": 300, "lat": 28.0, "lng": 19.0}, 
    {"id": 301, "lat": 28.0, "lng": 20.0}, 
    {"id": 302, "lat": 28.0, "lng": 21.0}, 
    {"id": 303, "lat": 28.0, "lng": 22.0}, 
    {"id": 304, "lat": 28.0, "lng": 23.0}, 
    {"id": 305, "lat": 28.0, "lng": 24.0}, 
    {"id": 306, "lat": 28.0, "lng": 25.0}, 
    {"id": 307, "lat": 28.0, "lng": 26.0}
  ], 
  "roads": [
    {"intersectionId1": 190, "intersectionId2": 189, "length": 1, "isOneWay": false}, 
    {"intersectionId1": 9, "intersectionId2": 8, "length": 1, "isOneWay": false}, 
    {"intersectionId1": 250, "intersectionId2": 251, "length": 1, "isOneWay": false}, 
    {"intersectionId1": 243, "intersectionId2": 242, "length": 1, "isOneWay": false}, 
    {"intersectionId1": 180, "intersectionId2": 166, "length": 1, "isOneWay": false}, 
    {"intersectionId1": 37, "intersectionId2": 38, "length": 1, "isOneWay": false}, 
    {"intersectionId1": 137, "intersectionId2": 136, "length": 1, "isOneWay": false}, 
    {"intersectionId1": 108, "intersectionId2": 109, "length": 1, "isOneWay": false}, 
    {"intersectionId1": 62, "intersectionId2": 56, "length": 1, "isOneWay": false}, 
    {"intersectionId1": 260, "intersectionId2": 259, "length": 1, "isOneWay": false}, 
    {"intersectionId1": 45, "intersectionId2": 46, "length": 1, "isOneWay": false}, 
    {"intersectionId1": 244, "intersectionId2": 245, "length": 1, "isOneWay": false}, 
    {"intersectionId1": 87, "intersectionId2": 86, "length": 1, "isOneWay": false}, 
    {"intersectionId1": 209, "intersectionId2": 208, "length": 1, "isOneWay": false}, 
    {"intersectionId1": 23, "intersectionId2": 24, "length": 1, "isOneWay": false}, 
    {"intersectionId1": 210, "intersectionId2": 209, "length": 1, "isOneWay": false}, 
    {"intersectionId1": 79, "intersectionId2": 80, "length": 1, "isOneWay": false}, 
    {"intersectionId1": 208, "intersectionId2": 228, "length": 1, "isOneWay": false}, 
    {"intersectionId1": 75, "intersectionId2": 90, "length": 1, "isOneWay": false}, 
    {"intersectionId1": 297, "intersectionId2": 296, "length": 1, "isOneWay": false}, 
    {"intersectionId1": 142, "intersectionId2": 141, "length": 1, "isOneWay": false}, 
    {"intersectionId1": 39, "intersectionId2": 55, "length": 1, "isOneWay": false}, 
    {"intersectionId1": 76, "intersectionId2": 77, "length": 1, "isOneWay": false}, 
    {"intersectionId1": 46, "intersectionId2": 47, "length": 1, "isOneWay": false}, 
    {"intersectionId1": 245, "intersectionId2": 246, "length": 1, "isOneWay": false}, 
    {"intersectionId1": 186, "intersectionId2": 198, "length": 1, "isOneWay": false}, 
    {"intersectionId1": 157, "intersectionId2": 156, "length": 1, "isOneWay": false}, 
    {"intersectionId1": 48, "intersectionId2": 58, "length": 1, "isOneWay": false}, 
    {"intersectionId1": 215, "intersectionId2": 216, "length": 1, "isOneWay": false}, 
    {"intersectionId1": 36, "intersectionId2": 35, "length": 1, "isOneWay": false}, 
    {"intersectionId1": 172, "intersectionId2": 171, "length": 1, "isOneWay": false}, 
    {"intersectionId1": 10, "intersectionId2": 9, "length": 1, "isOneWay": false}, 
    {"intersectionId1": 304, "intersectionId2": 305, "length": 1, "isOneWay": false}, 
    {"intersectionId1": 192, "intersectionId2": 191, "length": 1, "isOneWay": false}, 
    {"intersectionId1": 11, "intersectionId2": 10, "length": 1, "isOneWay": false}, 
    {"intersectionId1": 22, "intersectionId2": 23, "length": 1, "isOneWay": false}, 
    {"intersectionId1": 69, "intersectionId2": 61, "length": 1, "isOneWay": false}, 
    {"intersectionId1": 170, "intersectionId2": 169, "length": 1, "isOneWay": false}, 
    {"intersectionId1": 180, "intersectionId2": 186, "length": 1, "isOneWay": false}, 
    {"intersectionId1": 0, "intersectionId2": 1, "length": 1, "isOneWay": false}, 
    {"intersectionId1": 60, "intersectionId2": 68, "length": 1, "isOneWay": false}, 
    {"intersectionId1": 130, "intersectionId2": 142, "length": 1, "isOneWay": false}, 
    {"intersectionId1": 260, "intersectionId2": 261, "length": 1, "isOneWay": false}, 
    {"intersectionId1": 5, "intersectionId2": 4, "length": 1, "isOneWay": false}, 
    {"intersectionId1": 108, "intersectionId2": 125, "length": 1, "isOneWay": false}, 
    {"intersectionId1": 24, "intersectionId2": 25, "length": 1, "isOneWay": false}, 
    {"intersectionId1": 290, "intersectionId2": 289, "length": 1, "isOneWay": false}, 
    {"intersectionId1": 216, "intersectionId2": 217, "length": 1, "isOneWay": false}, 
    {"intersectionId1": 173, "intersectionId2": 172, "length": 1, "isOneWay": false}, 
    {"intersectionId1": 16, "intersectionId2": 17, "length": 1, "isOneWay": false}, 
    {"intersectionId1": 283, "intersectionId2": 307, "length": 1, "isOneWay": false}, 
    {"intersectionId1": 164, "intersectionId2": 165, "length": 1, "isOneWay": false}, 
    {"intersectionId1": 14, "intersectionId2": 15, "length": 1, "isOneWay": false}, 
    {"intersectionId1": 187, "intersectionId2": 181, "length": 1, "isOneWay": false}, 
    {"intersectionId1": 212, "intersectionId2": 213, "length": 1, "isOneWay": false}, 
    {"intersectionId1": 145, "intersectionId2": 133, "length": 1, "isOneWay": false}, 
    {"intersectionId1": 266, "intersectionId2": 240, "length": 1, "isOneWay": false}, 
    {"intersectionId1": 194, "intersectionId2": 195, "length": 1, "isOneWay": false}, 
    {"intersectionId1": 260, "intersectionId2": 238, "length": 1, "isOneWay": false}, 
    {"intersectionId1": 166, "intersectionId2": 167, "length": 1, "isOneWay": false}, 
    {"intersectionId1": 265, "intersectionId2": 264, "length": 1, "isOneWay": false}, 
    {"intersectionId1": 19, "intersectionId2": 18, "length": 1, "isOneWay": false}, 
    {"intersectionId1": 6, "intersectionId2": 5, "length": 1, "isOneWay": false}, 
    {"intersectionId1": 270, "intersectionId2": 260, "length": 1, "isOneWay": false}, 
    {"intersectionId1": 284, "intersectionId2": 278, "length": 1, "isOneWay": false}, 
    {"intersectionId1": 146, "intersectionId2": 142, "length": 1, "isOneWay": false}, 
    {"intersectionId1": 43, "intersectionId2": 31, "length": 1, "isOneWay": false}, 
    {"intersectionId1": 82, "intersectionId2": 81, "length": 1, "isOneWay": false}, 
    {"intersectionId1": 111, "intersectionId2": 96, "length": 1, "isOneWay": false}, 
    {"intersectionId1": 32, "intersectionId2": 28, "length": 1, "isOneWay": false}, 
    {"intersectionId1": 183, "intersectionId2": 177, "length": 1, "isOneWay": false}, 
    {"intersectionId1": 182, "intersectionId2": 176, "length": 1, "isOneWay": false}, 
    {"intersectionId1": 236, "intersectionId2": 230, "length": 1, "isOneWay": false}, 
    {"intersectionId1": 144, "intersectionId2": 148, "length": 1, "isOneWay": false}, 
    {"intersectionId1": 269, "intersectionId2": 254, "length": 1, "isOneWay": false}, 
    {"intersectionId1": 178, "intersectionId2": 162, "length": 1, "isOneWay": false}, 
    {"intersectionId1": 279, "intersectionId2": 289, "length": 1, "isOneWay": false}, 
    {"intersectionId1": 268, "intersectionId2": 274, "length": 1, "isOneWay": false}, 
    {"intersectionId1": 258, "intersectionId2": 259, "length": 1, "isOneWay": false}, 
    {"intersectionId1": 59, "intersectionId2": 51, "length": 1, "isOneWay": false}, 
    {"intersectionId1": 106, "intersectionId2": 107, "length": 1, "isOneWay": false}, 
    {"intersectionId1": 266, "intersectionId2": 272, "length": 1, "isOneWay": false}, 
    {"intersectionId1": 174, "intersectionId2": 175, "length": 1, "isOneWay": false}, 
    {"intersectionId1": 83, "intersectionId2": 84, "length": 1, "isOneWay": false}, 
    {"intersectionId1": 300, "intersectionId2": 301, "length": 1, "isOneWay": false}, 
    {"intersectionId1": 102, "intersectionId2": 103, "length": 1, "isOneWay": false}, 
    {"intersectionId1": 257, "intersectionId2": 237, "length": 1, "isOneWay": false}, 
    {"intersectionId1": 120, "intersectionId2": 119, "length": 1, "isOneWay": false}, 
    {"intersectionId1": 283, "intersectionId2": 277, "length": 1, "isOneWay": false}, 
    {"intersectionId1": 183, "intersectionId2": 189, "length": 1, "isOneWay": false}, 
    {"intersectionId1": 243, "intersectionId2": 244, "length": 1, "isOneWay": false}, 
    {"intersectionId1": 195, "intersectionId2": 196, "length": 1, "isOneWay": false}, 
    {"intersectionId1": 285, "intersectionId2": 286, "length": 1, "isOneWay": false}, 
    {"intersectionId1": 241, "intersectionId2": 242, "length": 1, "isOneWay": false}, 
    {"intersectionId1": 251, "intersectionId2": 268, "length": 1, "isOneWay": false}, 
    {"intersectionId1": 151, "intersectionId2": 169, "length": 1, "isOneWay": false}, 
    {"intersectionId1": 225, "intersectionId2": 226, "length": 1, "isOneWay": false}, 
    {"intersectionId1": 124, "intersectionId2": 105, "length": 1, "isOneWay": false}, 
    {"intersectionId1": 265, "intersectionId2": 271, "length": 1, "isOneWay": false}, 
    {"intersectionId1": 228, "intersectionId2": 234, "length": 1, "isOneWay": false}, 
    {"intersectionId1": 88, "intersectionId2": 94, "length": 1, "isOneWay": false}, 
    {"intersectionId1": 37, "intersectionId2": 36, "length": 1, "isOneWay": false}, 
    {"intersectionId1": 128, "intersectionId2": 132, "length": 1, "isOneWay": false}, 
    {"intersectionId1": 247, "intersectionId2": 246, "length": 1, "isOneWay": false}, 
    {"intersectionId1": 287, "intersectionId2": 288, "length": 1, "isOneWay": false}, 
    {"intersectionId1": 245, "intersectionId2": 267, "length": 1, "isOneWay": false}, 
    {"intersectionId1": 219, "intersectionId2": 218, "length": 1, "isOneWay": false}, 
    {"intersectionId1": 36, "intersectionId2": 54, "length": 1, "isOneWay": false}, 
    {"intersectionId1": 117, "intersectionId2": 118, "length": 1, "isOneWay": false}, 
    {"intersectionId1": 126, "intersectionId2": 115, "length": 1, "isOneWay": false}, 
    {"intersectionId1": 70, "intersectionId2": 71, "length": 1, "isOneWay": false}, 
    {"intersectionId1": 192, "intersectionId2": 201, "length": 1, "isOneWay": false}, 
    {"intersectionId1": 222, "intersectionId2": 232, "length": 1, "isOneWay": false}, 
    {"intersectionId1": 0, "intersectionId2": 26, "length": 1, "isOneWay": false}, 
    {"intersectionId1": 76, "intersectionId2": 75, "length": 1, "isOneWay": false}, 
    {"intersectionId1": 298, "intersectionId2": 299, "length": 1, "isOneWay": false}, 
    {"intersectionId1": 38, "intersectionId2": 39, "length": 1, "isOneWay": false}, 
    {"intersectionId1": 215, "intersectionId2": 214, "length": 1, "isOneWay": false}, 
    {"intersectionId1": 307, "intersectionId2": 306, "length": 1, "isOneWay": false}, 
    {"intersectionId1": 154, "intersectionId2": 153, "length": 1, "isOneWay": false}, 
    {"intersectionId1": 150, "intersectionId2": 166, "length": 1, "isOneWay": false}, 
    {"intersectionId1": 94, "intersectionId2": 100, "length": 1, "isOneWay": false}, 
    {"intersectionId1": 2, "intersectionId2": 1, "length": 1, "isOneWay": false}, 
    {"intersectionId1": 126, "intersectionId2": 130, "length": 1, "isOneWay": false}, 
    {"intersectionId1": 13, "intersectionId2": 14, "length": 1, "isOneWay": false}, 
    {"intersectionId1": 92, "intersectionId2": 98, "length": 1, "isOneWay": false}, 
    {"intersectionId1": 44, "intersectionId2": 32, "length": 1, "isOneWay": false}, 
    {"intersectionId1": 191, "intersectionId2": 190, "length": 1, "isOneWay": false}, 
    {"intersectionId1": 33, "intersectionId2": 29, "length": 1, "isOneWay": false}, 
    {"intersectionId1": 255, "intersectionId2": 256, "length": 1, "isOneWay": false}, 
    {"intersectionId1": 20, "intersectionId2": 19, "length": 1, "isOneWay": false}, 
    {"intersectionId1": 211, "intersectionId2": 212, "length": 1, "isOneWay": false}, 
    {"intersectionId1": 40, "intersectionId2": 41, "length": 1, "isOneWay": false}, 
    {"intersectionId1": 91, "intersectionId2": 97, "length": 1, "isOneWay": false}, 
    {"intersectionId1": 252, "intersectionId2": 253, "length": 1, "isOneWay": false}, 
    {"intersectionId1": 121, "intersectionId2": 120, "length": 1, "isOneWay": false}, 
    {"intersectionId1": 127, "intersectionId2": 118, "length": 1, "isOneWay": false}, 
    {"intersectionId1": 210, "intersectionId2": 211, "length": 1, "isOneWay": false}, 
    {"intersectionId1": 16, "intersectionId2": 15, "length": 1, "isOneWay": false}, 
    {"intersectionId1": 157, "intersectionId2": 158, "length": 1, "isOneWay": false}, 
    {"intersectionId1": 3, "intersectionId2": 2, "length": 1, "isOneWay": false}, 
    {"intersectionId1": 258, "intersectionId2": 257, "length": 1, "isOneWay": false}, 
    {"intersectionId1": 297, "intersectionId2": 298, "length": 1, "isOneWay": false}, 
    {"intersectionId1": 164, "intersectionId2": 163, "length": 1, "isOneWay": false}, 
    {"intersectionId1": 105, "intersectionId2": 104, "length": 1, "isOneWay": false}, 
    {"intersectionId1": 184, "intersectionId2": 192, "length": 1, "isOneWay": true}, 
    {"intersectionId1": 270, "intersectionId2": 276, "length": 1, "isOneWay": false}, 
    {"intersectionId1": 115, "intersectionId2": 116, "length": 1, "isOneWay": false}, 
    {"intersectionId1": 194, "intersectionId2": 193, "length": 1, "isOneWay": false}, 
    {"intersectionId1": 31, "intersectionId2": 27, "length": 1, "isOneWay": false}, 
    {"intersectionId1": 139, "intersectionId2": 138, "length": 1, "isOneWay": false}, 
    {"intersectionId1": 55, "intersectionId2": 61, "length": 1, "isOneWay": false}, 
    {"intersectionId1": 177, "intersectionId2": 161, "length": 1, "isOneWay": false}, 
    {"intersectionId1": 195, "intersectionId2": 185, "length": 1, "isOneWay": true}, 
    {"intersectionId1": 182, "intersectionId2": 188, "length": 1, "isOneWay": false}, 
    {"intersectionId1": 269, "intersectionId2": 275, "length": 1, "isOneWay": false}, 
    {"intersectionId1": 153, "intersectionId2": 152, "length": 1, "isOneWay": false}, 
    {"intersectionId1": 33, "intersectionId2": 53, "length": 1, "isOneWay": false}, 
    {"intersectionId1": 220, "intersectionId2": 221, "length": 1, "isOneWay": false}, 
    {"intersectionId1": 302, "intersectionId2": 303, "length": 1, "isOneWay": false}, 
    {"intersectionId1": 53, "intersectionId2": 52, "length": 1, "isOneWay": false}, 
    {"intersectionId1": 213, "intersectionId2": 229, "length": 1, "isOneWay": false}, 
    {"intersectionId1": 59, "intersectionId2": 65, "length": 1, "isOneWay": false}, 
    {"intersectionId1": 108, "intersectionId2": 107, "length": 1, "isOneWay": false}, 
    {"intersectionId1": 302, "intersectionId2": 282, "length": 1, "isOneWay": false}, 
    {"intersectionId1": 54, "intersectionId2": 60, "length": 1, "isOneWay": false}, 
    {"intersectionId1": 40, "intersectionId2": 56, "length": 1, "isOneWay": false}, 
    {"intersectionId1": 288, "intersectionId2": 289, "length": 1, "isOneWay": false}, 
    {"intersectionId1": 195, "intersectionId2": 202, "length": 1, "isOneWay": false}, 
    {"intersectionId1": 50, "intersectionId2": 49, "length": 1, "isOneWay": false}, 
    {"intersectionId1": 214, "intersectionId2": 230, "length": 1, "isOneWay": false}, 
    {"intersectionId1": 296, "intersectionId2": 281, "length": 1, "isOneWay": false}, 
    {"intersectionId1": 232, "intersectionId2": 238, "length": 1, "isOneWay": false}, 
    {"intersectionId1": 72, "intersectionId2": 62, "length": 1, "isOneWay": false}, 
    {"intersectionId1": 134, "intersectionId2": 135, "length": 1, "isOneWay": false}, 
    {"intersectionId1": 71, "intersectionId2": 72, "length": 1, "isOneWay": false}, 
    {"intersectionId1": 125, "intersectionId2": 129, "length": 1, "isOneWay": false}, 
    {"intersectionId1": 124, "intersectionId2": 128, "length": 1, "isOneWay": false}, 
    {"intersectionId1": 104, "intersectionId2": 103, "length": 1, "isOneWay": false}, 
    {"intersectionId1": 14, "intersectionId2": 28, "length": 1, "isOneWay": false}, 
    {"intersectionId1": 265, "intersectionId2": 239, "length": 1, "isOneWay": false}, 
    {"intersectionId1": 88, "intersectionId2": 66, "length": 1, "isOneWay": false}, 
    {"intersectionId1": 119, "intersectionId2": 118, "length": 1, "isOneWay": false}, 
    {"intersectionId1": 287, "intersectionId2": 286, "length": 1, "isOneWay": false}, 
    {"intersectionId1": 148, "intersectionId2": 158, "length": 1, "isOneWay": false}, 
    {"intersectionId1": 169, "intersectionId2": 181, "length": 1, "isOneWay": false}, 
    {"intersectionId1": 302, "intersectionId2": 301, "length": 1, "isOneWay": false}, 
    {"intersectionId1": 7, "intersectionId2": 6, "length": 1, "isOneWay": false}, 
    {"intersectionId1": 294, "intersectionId2": 295, "length": 1, "isOneWay": false}, 
    {"intersectionId1": 222, "intersectionId2": 207, "length": 1, "isOneWay": false}, 
    {"intersectionId1": 150, "intersectionId2": 146, "length": 1, "isOneWay": false}, 
    {"intersectionId1": 20, "intersectionId2": 21, "length": 1, "isOneWay": false}, 
    {"intersectionId1": 248, "intersectionId2": 249, "length": 1, "isOneWay": false}, 
    {"intersectionId1": 218, "intersectionId2": 206, "length": 1, "isOneWay": false}, 
    {"intersectionId1": 90, "intersectionId2": 96, "length": 1, "isOneWay": false}, 
    {"intersectionId1": 271, "intersectionId2": 277, "length": 1, "isOneWay": false}, 
    {"intersectionId1": 13, "intersectionId2": 12, "length": 1, "isOneWay": false}, 
    {"intersectionId1": 93, "intersectionId2": 99, "length": 1, "isOneWay": false}, 
    {"intersectionId1": 234, "intersectionId2": 240, "length": 1, "isOneWay": false}, 
    {"intersectionId1": 247, "intersectionId2": 248, "length": 1, "isOneWay": false}, 
    {"intersectionId1": 219, "intersectionId2": 220, "length": 1, "isOneWay": false}, 
    {"intersectionId1": 3, "intersectionId2": 4, "length": 1, "isOneWay": false}, 
    {"intersectionId1": 252, "intersectionId2": 251, "length": 1, "isOneWay": false}, 
    {"intersectionId1": 292, "intersectionId2": 293, "length": 1, "isOneWay": false}, 
    {"intersectionId1": 248, "intersectionId2": 236, "length": 1, "isOneWay": false}, 
    {"intersectionId1": 160, "intersectionId2": 159, "length": 1, "isOneWay": false}, 
    {"intersectionId1": 72, "intersectionId2": 73, "length": 1, "isOneWay": false}, 
    {"intersectionId1": 136, "intersectionId2": 135, "length": 1, "isOneWay": false}, 
    {"intersectionId1": 81, "intersectionId2": 80, "length": 1, "isOneWay": false}, 
    {"intersectionId1": 290, "intersectionId2": 291, "length": 1, "isOneWay": false}, 
    {"intersectionId1": 168, "intersectionId2": 167, "length": 1, "isOneWay": false}, 
    {"intersectionId1": 231, "intersectionId2": 237, "length": 1, "isOneWay": false}, 
    {"intersectionId1": 58, "intersectionId2": 64, "length": 1, "isOneWay": false}, 
    {"intersectionId1": 78, "intersectionId2": 77, "length": 1, "isOneWay": false}, 
    {"intersectionId1": 115, "intersectionId2": 114, "length": 1, "isOneWay": false}, 
    {"intersectionId1": 229, "intersectionId2": 235, "length": 1, "isOneWay": false}, 
    {"intersectionId1": 154, "intersectionId2": 155, "length": 1, "isOneWay": false}, 
    {"intersectionId1": 223, "intersectionId2": 222, "length": 1, "isOneWay": false}, 
    {"intersectionId1": 217, "intersectionId2": 205, "length": 1, "isOneWay": false}, 
    {"intersectionId1": 262, "intersectionId2": 261, "length": 1, "isOneWay": false}, 
    {"intersectionId1": 151, "intersectionId2": 147, "length": 1, "isOneWay": false}, 
    {"intersectionId1": 213, "intersectionId2": 204, "length": 1, "isOneWay": false}, 
    {"intersectionId1": 89, "intersectionId2": 95, "length": 1, "isOneWay": false}, 
    {"intersectionId1": 25, "intersectionId2": 29, "length": 1, "isOneWay": false}, 
    {"intersectionId1": 169, "intersectionId2": 168, "length": 1, "isOneWay": false}, 
    {"intersectionId1": 221, "intersectionId2": 231, "length": 1, "isOneWay": false}, 
    {"intersectionId1": 159, "intersectionId2": 158, "length": 1, "isOneWay": false}, 
    {"intersectionId1": 75, "intersectionId2": 74, "length": 1, "isOneWay": false}, 
    {"intersectionId1": 245, "intersectionId2": 235, "length": 1, "isOneWay": false}, 
    {"intersectionId1": 8, "intersectionId2": 7, "length": 1, "isOneWay": false}, 
    {"intersectionId1": 267, "intersectionId2": 273, "length": 1, "isOneWay": false}, 
    {"intersectionId1": 295, "intersectionId2": 280, "length": 1, "isOneWay": false}, 
    {"intersectionId1": 139, "intersectionId2": 140, "length": 1, "isOneWay": false}, 
    {"intersectionId1": 152, "intersectionId2": 175, "length": 1, "isOneWay": false}, 
    {"intersectionId1": 223, "intersectionId2": 224, "length": 1, "isOneWay": false}, 
    {"intersectionId1": 18, "intersectionId2": 17, "length": 1, "isOneWay": false}, 
    {"intersectionId1": 303, "intersectionId2": 304, "length": 1, "isOneWay": false}, 
    {"intersectionId1": 263, "intersectionId2": 262, "length": 1, "isOneWay": false}, 
    {"intersectionId1": 134, "intersectionId2": 133, "length": 1, "isOneWay": false}, 
    {"intersectionId1": 149, "intersectionId2": 161, "length": 1, "isOneWay": false}, 
    {"intersectionId1": 92, "intersectionId2": 84, "length": 1, "isOneWay": false}, 
    {"intersectionId1": 250, "intersectionId2": 249, "length": 1, "isOneWay": false}, 
    {"intersectionId1": 98, "intersectionId2": 118, "length": 1, "isOneWay": false}, 
    {"intersectionId1": 66, "intersectionId2": 67, "length": 1, "isOneWay": false}, 
    {"intersectionId1": 111, "intersectionId2": 110, "length": 1, "isOneWay": false}, 
    {"intersectionId1": 26, "intersectionId2": 30, "length": 1, "isOneWay": false}, 
    {"intersectionId1": 91, "intersectionId2": 78, "length": 1, "isOneWay": false}, 
    {"intersectionId1": 97, "intersectionId2": 112, "length": 1, "isOneWay": false}, 
    {"intersectionId1": 156, "intersectionId2": 155, "length": 1, "isOneWay": false}, 
    {"intersectionId1": 131, "intersectionId2": 127, "length": 1, "isOneWay": false}, 
    {"intersectionId1": 11, "intersectionId2": 27, "length": 1, "isOneWay": false}, 
    {"intersectionId1": 110, "intersectionId2": 109, "length": 1, "isOneWay": false}, 
    {"intersectionId1": 299, "intersectionId2": 300, "length": 1, "isOneWay": false}, 
    {"intersectionId1": 188, "intersectionId2": 200, "length": 1, "isOneWay": false}, 
    {"intersectionId1": 199, "intersectionId2": 187, "length": 1, "isOneWay": false}, 
    {"intersectionId1": 57, "intersectionId2": 47, "length": 1, "isOneWay": false}, 
    {"intersectionId1": 93, "intersectionId2": 87, "length": 1, "isOneWay": false}, 
    {"intersectionId1": 101, "intersectionId2": 100, "length": 1, "isOneWay": false}, 
    {"intersectionId1": 193, "intersectionId2": 192, "length": 1, "isOneWay": false}, 
    {"intersectionId1": 131, "intersectionId2": 143, "length": 1, "isOneWay": false}, 
    {"intersectionId1": 165, "intersectionId2": 179, "length": 1, "isOneWay": false}, 
    {"intersectionId1": 65, "intersectionId2": 85, "length": 1, "isOneWay": false}, 
    {"intersectionId1": 292, "intersectionId2": 291, "length": 1, "isOneWay": false}, 
    {"intersectionId1": 203, "intersectionId2": 207, "length": 1, "isOneWay": false}, 
    {"intersectionId1": 202, "intersectionId2": 206, "length": 1, "isOneWay": false}, 
    {"intersectionId1": 199, "intersectionId2": 203, "length": 1, "isOneWay": false}, 
    {"intersectionId1": 85, "intersectionId2": 86, "length": 1, "isOneWay": false}, 
    {"intersectionId1": 272, "intersectionId2": 278, "length": 1, "isOneWay": false}, 
    {"intersectionId1": 74, "intersectionId2": 73, "length": 1, "isOneWay": false}, 
    {"intersectionId1": 57, "intersectionId2": 63, "length": 1, "isOneWay": false}, 
    {"intersectionId1": 264, "intersectionId2": 263, "length": 1, "isOneWay": false}, 
    {"intersectionId1": 276, "intersectionId2": 282, "length": 1, "isOneWay": false}, 
    {"intersectionId1": 129, "intersectionId2": 133, "length": 1, "isOneWay": false}, 
    {"intersectionId1": 275, "intersectionId2": 281, "length": 1, "isOneWay": false}, 
    {"intersectionId1": 78, "intersectionId2": 79, "length": 1, "isOneWay": false}, 
    {"intersectionId1": 174, "intersectionId2": 173, "length": 1, "isOneWay": false}, 
    {"intersectionId1": 83, "intersectionId2": 82, "length": 1, "isOneWay": false}, 
    {"intersectionId1": 102, "intersectionId2": 101, "length": 1, "isOneWay": false}, 
    {"intersectionId1": 51, "intersectionId2": 50, "length": 1, "isOneWay": false}, 
    {"intersectionId1": 233, "intersectionId2": 239, "length": 1, "isOneWay": false}, 
    {"intersectionId1": 49, "intersectionId2": 48, "length": 1, "isOneWay": false}, 
    {"intersectionId1": 141, "intersectionId2": 140, "length": 1, "isOneWay": false}, 
    {"intersectionId1": 149, "intersectionId2": 145, "length": 1, "isOneWay": false}, 
    {"intersectionId1": 122, "intersectionId2": 121, "length": 1, "isOneWay": false}, 
    {"intersectionId1": 123, "intersectionId2": 122, "length": 1, "isOneWay": false}, 
    {"intersectionId1": 241, "intersectionId2": 240, "length": 1, "isOneWay": false}, 
    {"intersectionId1": 227, "intersectionId2": 233, "length": 1, "isOneWay": false}, 
    {"intersectionId1": 52, "intersectionId2": 51, "length": 1, "isOneWay": false}, 
    {"intersectionId1": 117, "intersectionId2": 116, "length": 1, "isOneWay": false}, 
    {"intersectionId1": 257, "intersectionId2": 256, "length": 1, "isOneWay": false}, 
    {"intersectionId1": 196, "intersectionId2": 197, "length": 1, "isOneWay": false}, 
    {"intersectionId1": 68, "intersectionId2": 67, "length": 1, "isOneWay": false}, 
    {"intersectionId1": 12, "intersectionId2": 11, "length": 1, "isOneWay": false}, 
    {"intersectionId1": 227, "intersectionId2": 226, "length": 1, "isOneWay": false}, 
    {"intersectionId1": 42, "intersectionId2": 41, "length": 1, "isOneWay": false}, 
    {"intersectionId1": 254, "intersectionId2": 253, "length": 1, "isOneWay": false}, 
    {"intersectionId1": 43, "intersectionId2": 42, "length": 1, "isOneWay": false}, 
    {"intersectionId1": 106, "intersectionId2": 105, "length": 1, "isOneWay": false}, 
    {"intersectionId1": 143, "intersectionId2": 147, "length": 1, "isOneWay": false}, 
    {"intersectionId1": 255, "intersectionId2": 254, "length": 1, "isOneWay": false}, 
    {"intersectionId1": 114, "intersectionId2": 113, "length": 1, "isOneWay": false}, 
    {"intersectionId1": 64, "intersectionId2": 84, "length": 1, "isOneWay": false}, 
    {"intersectionId1": 171, "intersectionId2": 170, "length": 1, "isOneWay": false}, 
    {"intersectionId1": 89, "intersectionId2": 69, "length": 1, "isOneWay": false}, 
    {"intersectionId1": 138, "intersectionId2": 137, "length": 1, "isOneWay": false}, 
    {"intersectionId1": 95, "intersectionId2": 105, "length": 1, "isOneWay": false}, 
    {"intersectionId1": 274, "intersectionId2": 280, "length": 1, "isOneWay": false}, 
    {"intersectionId1": 132, "intersectionId2": 144, "length": 1, "isOneWay": false}, 
    {"intersectionId1": 113, "intersectionId2": 112, "length": 1, "isOneWay": false}, 
    {"intersectionId1": 158, "intersectionId2": 176, "length": 1, "isOneWay": false}, 
    {"intersectionId1": 99, "intersectionId2": 123, "length": 1, "isOneWay": false}, 
    {"intersectionId1": 201, "intersectionId2": 205, "length": 1, "isOneWay": false}, 
    {"intersectionId1": 198, "intersectionId2": 197, "length": 1, "isOneWay": false}, 
    {"intersectionId1": 81, "intersectionId2": 63, "length": 1, "isOneWay": false}, 
    {"intersectionId1": 30, "intersectionId2": 34, "length": 1, "isOneWay": false}, 
    {"intersectionId1": 35, "intersectionId2": 34, "length": 1, "isOneWay": false}, 
    {"intersectionId1": 200, "intersectionId2": 204, "length": 1, "isOneWay": false}, 
    {"intersectionId1": 161, "intersectionId2": 160, "length": 1, "isOneWay": false}, 
    {"intersectionId1": 224, "intersectionId2": 225, "length": 1, "isOneWay": false}, 
    {"intersectionId1": 45, "intersectionId2": 44, "length": 1, "isOneWay": false}, 
    {"intersectionId1": 306, "intersectionId2": 305, "length": 1, "isOneWay": false}, 
    {"intersectionId1": 273, "intersectionId2": 279, "length": 1, "isOneWay": false}, 
    {"intersectionId1": 285, "intersectionId2": 284, "length": 1, "isOneWay": false}, 
    {"intersectionId1": 69, "intersectionId2": 70, "length": 1, "isOneWay": false}, 
    {"intersectionId1": 294, "intersectionId2": 293, "length": 1, "isOneWay": false}, 
    {"intersectionId1": 178, "intersectionId2": 184, "length": 1, "isOneWay": true}, 
    {"intersectionId1": 22, "intersectionId2": 21, "length": 1, "isOneWay": false}, 
    {"intersectionId1": 162, "intersectionId2": 163, "length": 1, "isOneWay": false}, 
    {"intersectionId1": 185, "intersectionId2": 179, "length": 1, "isOneWay": true}
  ]
}